[
  {
    "id": "7998ceea-126d-4ea8-88ae-2df42de63993",
    "data": [
      {
        "text": "what is abstract",
        "userDefined": false
      }
    ],
    "isTemplate": false,
    "count": 0,
    "updated": 0
  },
  {
    "id": "57839bf5-e75c-44ab-917c-9aa68fef52f7",
    "data": [
      {
        "text": "abstract",
        "userDefined": false
      }
    ],
    "isTemplate": false,
    "count": 0,
    "updated": 0
  },
  {
    "id": "a9214dd0-05ef-4a6e-8d61-8340896b4015",
    "data": [
      {
        "text": "explain abstract",
        "userDefined": false
      }
    ],
    "isTemplate": false,
    "count": 0,
    "updated": 0
  },
  {
    "id": "49c8bfe8-1672-4339-8d3d-2a8872c44ef9",
    "data": [
      {
        "text": "can you tell me what is abstract",
        "userDefined": false
      }
    ],
    "isTemplate": false,
    "count": 0,
    "updated": 0
  }
]