[
  {
    "id": "f92e71ac-ebae-4a3a-9cd2-501c924d5d2c",
    "data": [
      {
        "text": "what is attribute",
        "userDefined": false
      }
    ],
    "isTemplate": false,
    "count": 0,
    "updated": 0
  },
  {
    "id": "c1c90bf2-855d-4f99-9e2c-43adf653e21a",
    "data": [
      {
        "text": "attribute",
        "userDefined": false
      }
    ],
    "isTemplate": false,
    "count": 0,
    "updated": 0
  },
  {
    "id": "05c58179-3b52-4114-943e-c73334e7095a",
    "data": [
      {
        "text": "explain attribute",
        "userDefined": false
      }
    ],
    "isTemplate": false,
    "count": 0,
    "updated": 0
  },
  {
    "id": "d4125443-ca3a-420a-a063-629d98bd62ab",
    "data": [
      {
        "text": "can you tell me what is attribute",
        "userDefined": false
      }
    ],
    "isTemplate": false,
    "count": 0,
    "updated": 0
  }
]