[
  {
    "id": "fec20571-47c4-402e-ab50-db228da93480",
    "data": [
      {
        "text": "what is authoritative reference",
        "userDefined": false
      }
    ],
    "isTemplate": false,
    "count": 0,
    "updated": 0
  },
  {
    "id": "7078f28c-e927-45cc-9db2-747ef7156f84",
    "data": [
      {
        "text": "authoritative reference",
        "userDefined": false
      }
    ],
    "isTemplate": false,
    "count": 0,
    "updated": 0
  },
  {
    "id": "47bd584b-6256-42d7-b3c5-7c07cdf9828e",
    "data": [
      {
        "text": "explain authoritative reference",
        "userDefined": false
      }
    ],
    "isTemplate": false,
    "count": 0,
    "updated": 0
  },
  {
    "id": "3e8ee8e8-43e7-48c1-8aac-c1ba766cf6d2",
    "data": [
      {
        "text": "can you tell me what is authoritative reference",
        "userDefined": false
      }
    ],
    "isTemplate": false,
    "count": 0,
    "updated": 0
  }
]