[
  {
    "id": "58c5ffe9-9f4a-47c7-92a7-3fb405e0028b",
    "data": [
      {
        "text": "what is axis-domain relationship",
        "userDefined": false
      }
    ],
    "isTemplate": false,
    "count": 0,
    "updated": 0
  },
  {
    "id": "fd05c971-c953-47f9-bf0d-98bc5630ae7f",
    "data": [
      {
        "text": "axis-domain relationship",
        "userDefined": false
      }
    ],
    "isTemplate": false,
    "count": 0,
    "updated": 0
  },
  {
    "id": "ef70fc25-7c3c-499d-a6ac-99a7ea47c31b",
    "data": [
      {
        "text": "explain axis-domain relationship",
        "userDefined": false
      }
    ],
    "isTemplate": false,
    "count": 0,
    "updated": 0
  },
  {
    "id": "78a222db-e9d3-4315-8087-f73810d90a91",
    "data": [
      {
        "text": "can you tell me what is axis-domain relationship",
        "userDefined": false
      }
    ],
    "isTemplate": false,
    "count": 0,
    "updated": 0
  }
]