[
  {
    "id": "c335f339-8bd6-4d7a-9994-b471c617ce42",
    "data": [
      {
        "text": "what is axis (pl. axes)",
        "userDefined": false
      }
    ],
    "isTemplate": false,
    "count": 0,
    "updated": 0
  },
  {
    "id": "97ed0267-5417-4dfd-8595-5385f6d69b58",
    "data": [
      {
        "text": "axis (pl. axes)",
        "userDefined": false
      }
    ],
    "isTemplate": false,
    "count": 0,
    "updated": 0
  },
  {
    "id": "acde269b-a609-4bc6-b01e-5b54f9f12743",
    "data": [
      {
        "text": "explain axis (pl. axes)",
        "userDefined": false
      }
    ],
    "isTemplate": false,
    "count": 0,
    "updated": 0
  },
  {
    "id": "ec86aac9-d044-47e6-9a23-82316816ceef",
    "data": [
      {
        "text": "can you tell me what is axis (pl. axes)",
        "userDefined": false
      }
    ],
    "isTemplate": false,
    "count": 0,
    "updated": 0
  }
]