[
  {
    "id": "c663ebb1-ab9a-44ac-b1c3-48ce40f16111",
    "data": [
      {
        "text": "what is axis-default relationship",
        "userDefined": false
      }
    ],
    "isTemplate": false,
    "count": 0,
    "updated": 0
  },
  {
    "id": "a275f43b-46c8-4875-8d2f-7f780efff0f5",
    "data": [
      {
        "text": "axis-default relationship",
        "userDefined": false
      }
    ],
    "isTemplate": false,
    "count": 0,
    "updated": 0
  },
  {
    "id": "6fdc5e00-dfeb-461d-bf0c-77ca370fe898",
    "data": [
      {
        "text": "explain axis-default relationship",
        "userDefined": false
      }
    ],
    "isTemplate": false,
    "count": 0,
    "updated": 0
  },
  {
    "id": "a316aca6-ed34-46bf-ae39-f09fed02a7ab",
    "data": [
      {
        "text": "can you tell me what is axis-default relationship",
        "userDefined": false
      }
    ],
    "isTemplate": false,
    "count": 0,
    "updated": 0
  }
]