[
  {
    "id": "32ff60d1-b290-4df5-824c-7a3f14d4d7d8",
    "data": [
      {
        "text": "what is balance",
        "userDefined": false
      }
    ],
    "isTemplate": false,
    "count": 0,
    "updated": 0
  },
  {
    "id": "f8c712c2-3e17-43db-93b3-e804011ab0a8",
    "data": [
      {
        "text": "balance",
        "userDefined": false
      }
    ],
    "isTemplate": false,
    "count": 0,
    "updated": 0
  },
  {
    "id": "13848818-7ec4-47a4-9270-d3c8e6d765dd",
    "data": [
      {
        "text": "explain balance",
        "userDefined": false
      }
    ],
    "isTemplate": false,
    "count": 0,
    "updated": 0
  },
  {
    "id": "6e35192b-e71e-4266-a1a8-f6426c61173d",
    "data": [
      {
        "text": "can you tell me what is balance",
        "userDefined": false
      }
    ],
    "isTemplate": false,
    "count": 0,
    "updated": 0
  }
]