[
  {
    "id": "0132916f-887e-46eb-9ac6-44d760428db7",
    "data": [
      {
        "text": "what is calculation relationships",
        "userDefined": false
      }
    ],
    "isTemplate": false,
    "count": 0,
    "updated": 0
  },
  {
    "id": "5a44c660-adf9-42b0-9a88-b504f227f780",
    "data": [
      {
        "text": "calculation relationships",
        "userDefined": false
      }
    ],
    "isTemplate": false,
    "count": 0,
    "updated": 0
  },
  {
    "id": "928bea91-573e-4fc3-bf59-8f13da95cacb",
    "data": [
      {
        "text": "explain calculation relationships",
        "userDefined": false
      }
    ],
    "isTemplate": false,
    "count": 0,
    "updated": 0
  },
  {
    "id": "e3636d47-8f67-4253-a9ef-68288d2739e7",
    "data": [
      {
        "text": "can you tell me what is calculation relationships",
        "userDefined": false
      }
    ],
    "isTemplate": false,
    "count": 0,
    "updated": 0
  }
]