[
  {
    "id": "ebe06075-c6fb-4f88-bb44-abc552c4584f",
    "data": [
      {
        "text": "what is concept",
        "userDefined": false
      }
    ],
    "isTemplate": false,
    "count": 0,
    "updated": 0
  },
  {
    "id": "158392c7-b04d-4636-8755-7ede6ac02a88",
    "data": [
      {
        "text": "concept",
        "userDefined": false
      }
    ],
    "isTemplate": false,
    "count": 0,
    "updated": 0
  },
  {
    "id": "06006a16-9421-4a03-a659-785bd3f303f0",
    "data": [
      {
        "text": "explain concept",
        "userDefined": false
      }
    ],
    "isTemplate": false,
    "count": 0,
    "updated": 0
  },
  {
    "id": "050f23eb-37e3-4844-a292-2cae26866d50",
    "data": [
      {
        "text": "can you tell me what is concept",
        "userDefined": false
      }
    ],
    "isTemplate": false,
    "count": 0,
    "updated": 0
  }
]