[
  {
    "id": "72598e34-9575-41e8-86d3-8c3b5b5c87e7",
    "data": [
      {
        "text": "what is context",
        "userDefined": false
      }
    ],
    "isTemplate": false,
    "count": 0,
    "updated": 0
  },
  {
    "id": "023a20a0-491a-4b9a-bf20-aa800e2eea34",
    "data": [
      {
        "text": "context",
        "userDefined": false
      }
    ],
    "isTemplate": false,
    "count": 0,
    "updated": 0
  },
  {
    "id": "61ea1b3b-066d-4d38-a7fd-65e26c87dc33",
    "data": [
      {
        "text": "explain context",
        "userDefined": false
      }
    ],
    "isTemplate": false,
    "count": 0,
    "updated": 0
  },
  {
    "id": "f19a2ca0-50b8-42b0-a2cb-1281f49b84e8",
    "data": [
      {
        "text": "can you tell me what is context",
        "userDefined": false
      }
    ],
    "isTemplate": false,
    "count": 0,
    "updated": 0
  }
]