[
  {
    "id": "5238e48c-5412-4d2d-8b9a-f014bdc85e5a",
    "data": [
      {
        "text": "what is decimal",
        "userDefined": false
      }
    ],
    "isTemplate": false,
    "count": 0,
    "updated": 0
  },
  {
    "id": "76d19397-07f0-4875-b2fa-f80dfd4c46ca",
    "data": [
      {
        "text": "decimal",
        "userDefined": false
      }
    ],
    "isTemplate": false,
    "count": 0,
    "updated": 0
  },
  {
    "id": "2204e609-0c31-4801-a99b-f3d9b7a335e5",
    "data": [
      {
        "text": "explain decimal",
        "userDefined": false
      }
    ],
    "isTemplate": false,
    "count": 0,
    "updated": 0
  },
  {
    "id": "1feb8037-0b4d-4eb3-9d9b-c1daa00535f4",
    "data": [
      {
        "text": "can you tell me what is decimal",
        "userDefined": false
      }
    ],
    "isTemplate": false,
    "count": 0,
    "updated": 0
  }
]