[
  {
    "id": "d1c4cbba-8a3f-46ca-8d88-dd890df59bd1",
    "data": [
      {
        "text": "what is definition relationships file",
        "userDefined": false
      }
    ],
    "isTemplate": false,
    "count": 0,
    "updated": 0
  },
  {
    "id": "7a5b39db-fc79-45d4-a88c-5f8c2a91573d",
    "data": [
      {
        "text": "definition relationships file",
        "userDefined": false
      }
    ],
    "isTemplate": false,
    "count": 0,
    "updated": 0
  },
  {
    "id": "7036a435-d6c2-4bd3-9259-f250fb173f01",
    "data": [
      {
        "text": "explain definition relationships file",
        "userDefined": false
      }
    ],
    "isTemplate": false,
    "count": 0,
    "updated": 0
  },
  {
    "id": "fce02182-f62d-430c-a09a-f5c6472f7efc",
    "data": [
      {
        "text": "can you tell me what is definition relationships file",
        "userDefined": false
      }
    ],
    "isTemplate": false,
    "count": 0,
    "updated": 0
  }
]