[
  {
    "id": "2769141c-7757-4396-b980-f2292b302978",
    "data": [
      {
        "text": "what is dimension",
        "userDefined": false
      }
    ],
    "isTemplate": false,
    "count": 0,
    "updated": 0
  },
  {
    "id": "92865cfa-3abb-40b3-9ccd-6f1149f38033",
    "data": [
      {
        "text": "dimension",
        "userDefined": false
      }
    ],
    "isTemplate": false,
    "count": 0,
    "updated": 0
  },
  {
    "id": "c24e51f9-2623-45b5-8ba5-ebd602b43f8c",
    "data": [
      {
        "text": "explain dimension",
        "userDefined": false
      }
    ],
    "isTemplate": false,
    "count": 0,
    "updated": 0
  },
  {
    "id": "7bcd5e80-139d-4292-8097-21879b79125c",
    "data": [
      {
        "text": "can you tell me what is dimension",
        "userDefined": false
      }
    ],
    "isTemplate": false,
    "count": 0,
    "updated": 0
  }
]