[
  {
    "id": "838f537b-8567-4710-89d8-ac51a97e5cac",
    "data": [
      {
        "text": "what is domain-member relationship",
        "userDefined": false
      }
    ],
    "isTemplate": false,
    "count": 0,
    "updated": 0
  },
  {
    "id": "99fc4407-013a-4561-97bb-e88bd11a3ae0",
    "data": [
      {
        "text": "domain-member relationship",
        "userDefined": false
      }
    ],
    "isTemplate": false,
    "count": 0,
    "updated": 0
  },
  {
    "id": "5100861a-3696-449f-99c8-0fc1c38dcaee",
    "data": [
      {
        "text": "explain domain-member relationship",
        "userDefined": false
      }
    ],
    "isTemplate": false,
    "count": 0,
    "updated": 0
  },
  {
    "id": "157ebb91-6610-46b5-ba40-def1919ebd79",
    "data": [
      {
        "text": "can you tell me what is domain-member relationship",
        "userDefined": false
      }
    ],
    "isTemplate": false,
    "count": 0,
    "updated": 0
  }
]