[
  {
    "id": "dde0f238-f505-4bc0-8d1f-63eedcfde9fd",
    "data": [
      {
        "text": "what is domain",
        "userDefined": false
      }
    ],
    "isTemplate": false,
    "count": 0,
    "updated": 0
  },
  {
    "id": "a31e8aa6-c496-43b6-904a-30fd910e5b47",
    "data": [
      {
        "text": "domain",
        "userDefined": false
      }
    ],
    "isTemplate": false,
    "count": 0,
    "updated": 0
  },
  {
    "id": "55aa81de-8625-4869-8426-c560012206e1",
    "data": [
      {
        "text": "explain domain",
        "userDefined": false
      }
    ],
    "isTemplate": false,
    "count": 0,
    "updated": 0
  },
  {
    "id": "3b466a07-152b-4c79-8260-a2428023cc90",
    "data": [
      {
        "text": "can you tell me what is domain",
        "userDefined": false
      }
    ],
    "isTemplate": false,
    "count": 0,
    "updated": 0
  }
]