[
  {
    "id": "a7473bc7-7e23-4ece-9dcc-5706bdfe9c48",
    "data": [
      {
        "text": "what is domain member",
        "userDefined": false
      }
    ],
    "isTemplate": false,
    "count": 0,
    "updated": 0
  },
  {
    "id": "0f861c96-2a2f-418b-b0a1-a6be1d69c3c6",
    "data": [
      {
        "text": "domain member",
        "userDefined": false
      }
    ],
    "isTemplate": false,
    "count": 0,
    "updated": 0
  },
  {
    "id": "1f3ae496-cf7c-4bbc-915c-78f2284cb81f",
    "data": [
      {
        "text": "explain domain member",
        "userDefined": false
      }
    ],
    "isTemplate": false,
    "count": 0,
    "updated": 0
  },
  {
    "id": "c02d9cfd-59c7-41e9-9b2d-03e221becf9a",
    "data": [
      {
        "text": "can you tell me what is domain member",
        "userDefined": false
      }
    ],
    "isTemplate": false,
    "count": 0,
    "updated": 0
  }
]