[
  {
    "id": "3eb7912f-fc1f-4400-ac76-d5ad77bf5785",
    "data": [
      {
        "text": "what is element definition",
        "userDefined": false
      }
    ],
    "isTemplate": false,
    "count": 0,
    "updated": 0
  },
  {
    "id": "dcdcf4a0-55c4-4b27-ac98-602450840b82",
    "data": [
      {
        "text": "element definition",
        "userDefined": false
      }
    ],
    "isTemplate": false,
    "count": 0,
    "updated": 0
  },
  {
    "id": "38715599-189d-44a0-a02d-a8a4856af022",
    "data": [
      {
        "text": "explain element definition",
        "userDefined": false
      }
    ],
    "isTemplate": false,
    "count": 0,
    "updated": 0
  },
  {
    "id": "1bc0d360-f7f4-42f1-9277-30fa7f2ef0fd",
    "data": [
      {
        "text": "can you tell me what is element definition",
        "userDefined": false
      }
    ],
    "isTemplate": false,
    "count": 0,
    "updated": 0
  }
]