[
  {
    "id": "b7695ec9-337b-440d-84f5-79bdd6e619e4",
    "data": [
      {
        "text": "what is element",
        "userDefined": false
      }
    ],
    "isTemplate": false,
    "count": 0,
    "updated": 0
  },
  {
    "id": "03733f90-49c7-41c2-80d0-a8d164cf1a1e",
    "data": [
      {
        "text": "element",
        "userDefined": false
      }
    ],
    "isTemplate": false,
    "count": 0,
    "updated": 0
  },
  {
    "id": "21ccd8e8-94f7-49bb-9c8c-4606bec0397f",
    "data": [
      {
        "text": "explain element",
        "userDefined": false
      }
    ],
    "isTemplate": false,
    "count": 0,
    "updated": 0
  },
  {
    "id": "63baddcd-50f2-42c7-9d76-f6b9721757ad",
    "data": [
      {
        "text": "can you tell me what is element",
        "userDefined": false
      }
    ],
    "isTemplate": false,
    "count": 0,
    "updated": 0
  }
]