[
  {
    "id": "a45374a7-3668-4110-b121-cc0c9eb7877f",
    "data": [
      {
        "text": "what is extension taxonomy or extension",
        "userDefined": false
      }
    ],
    "isTemplate": false,
    "count": 0,
    "updated": 0
  },
  {
    "id": "35c27d91-64c7-4e4f-a700-f6bfb403cd0a",
    "data": [
      {
        "text": "extension taxonomy or extension",
        "userDefined": false
      }
    ],
    "isTemplate": false,
    "count": 0,
    "updated": 0
  },
  {
    "id": "5683f0a0-286c-41b4-af03-6020d3b07dea",
    "data": [
      {
        "text": "explain extension taxonomy or extension",
        "userDefined": false
      }
    ],
    "isTemplate": false,
    "count": 0,
    "updated": 0
  },
  {
    "id": "7db48ece-2d3e-400f-aed4-68025d71aaa7",
    "data": [
      {
        "text": "can you tell me what is extension taxonomy or extension",
        "userDefined": false
      }
    ],
    "isTemplate": false,
    "count": 0,
    "updated": 0
  }
]