[
  {
    "id": "52e714c4-867e-4e5d-9864-8d7d6f853ecd",
    "data": [
      {
        "text": "what is face of the financial statements",
        "userDefined": false
      }
    ],
    "isTemplate": false,
    "count": 0,
    "updated": 0
  },
  {
    "id": "fe39e76f-8423-447f-bbd5-92e3a7b6161e",
    "data": [
      {
        "text": "face of the financial statements",
        "userDefined": false
      }
    ],
    "isTemplate": false,
    "count": 0,
    "updated": 0
  },
  {
    "id": "cac665d3-3164-471e-b79c-cf6e44e62694",
    "data": [
      {
        "text": "explain face of the financial statements",
        "userDefined": false
      }
    ],
    "isTemplate": false,
    "count": 0,
    "updated": 0
  },
  {
    "id": "b0a9ecb1-294f-494e-91f5-f7251959c7ce",
    "data": [
      {
        "text": "can you tell me what is face of the financial statements",
        "userDefined": false
      }
    ],
    "isTemplate": false,
    "count": 0,
    "updated": 0
  }
]