[
  {
    "id": "68cbdf7c-6f0c-45d9-903a-2eae2827e289",
    "data": [
      {
        "text": "what is fact",
        "userDefined": false
      }
    ],
    "isTemplate": false,
    "count": 0,
    "updated": 0
  },
  {
    "id": "32874162-4874-48c2-be68-f2c9bfe17031",
    "data": [
      {
        "text": "fact",
        "userDefined": false
      }
    ],
    "isTemplate": false,
    "count": 0,
    "updated": 0
  },
  {
    "id": "092d22fd-14b8-4e3a-8f19-626dde359dce",
    "data": [
      {
        "text": "explain fact",
        "userDefined": false
      }
    ],
    "isTemplate": false,
    "count": 0,
    "updated": 0
  },
  {
    "id": "508104dc-f017-4a96-add4-18bac309d839",
    "data": [
      {
        "text": "can you tell me what is fact",
        "userDefined": false
      }
    ],
    "isTemplate": false,
    "count": 0,
    "updated": 0
  }
]