[
  {
    "id": "5b07e37b-583f-4ef6-a2ba-3b94d9044686",
    "data": [
      {
        "text": "what is hierarchy",
        "userDefined": false
      }
    ],
    "isTemplate": false,
    "count": 0,
    "updated": 0
  },
  {
    "id": "90f60f98-d758-46f2-a661-893717428cee",
    "data": [
      {
        "text": "hierarchy",
        "userDefined": false
      }
    ],
    "isTemplate": false,
    "count": 0,
    "updated": 0
  },
  {
    "id": "e1e56aef-d96c-4a5a-89f0-23bea9cb794c",
    "data": [
      {
        "text": "explain hierarchy",
        "userDefined": false
      }
    ],
    "isTemplate": false,
    "count": 0,
    "updated": 0
  },
  {
    "id": "73c645d3-7685-493b-9803-a180c4c030e9",
    "data": [
      {
        "text": "can you tell me what is hierarchy",
        "userDefined": false
      }
    ],
    "isTemplate": false,
    "count": 0,
    "updated": 0
  }
]