[
  {
    "id": "46f05676-2da7-4c50-a4b4-98bfefcdb904",
    "data": [
      {
        "text": "what is hypercube",
        "userDefined": false
      }
    ],
    "isTemplate": false,
    "count": 0,
    "updated": 0
  },
  {
    "id": "0f7cc113-5eab-442f-aba6-269a75857852",
    "data": [
      {
        "text": "hypercube",
        "userDefined": false
      }
    ],
    "isTemplate": false,
    "count": 0,
    "updated": 0
  },
  {
    "id": "2421d6c2-d47d-4f83-a521-965c297221bf",
    "data": [
      {
        "text": "explain hypercube",
        "userDefined": false
      }
    ],
    "isTemplate": false,
    "count": 0,
    "updated": 0
  },
  {
    "id": "eb93906c-dc46-40dd-a8f7-468702e26602",
    "data": [
      {
        "text": "can you tell me what is hypercube",
        "userDefined": false
      }
    ],
    "isTemplate": false,
    "count": 0,
    "updated": 0
  }
]