[
  {
    "id": "b75ec825-0a91-470e-b01e-f79709385541",
    "data": [
      {
        "text": "what is imputed value",
        "userDefined": false
      }
    ],
    "isTemplate": false,
    "count": 0,
    "updated": 0
  },
  {
    "id": "115d53cb-45f4-4bcb-9aa2-63ecadf54fbd",
    "data": [
      {
        "text": "imputed value",
        "userDefined": false
      }
    ],
    "isTemplate": false,
    "count": 0,
    "updated": 0
  },
  {
    "id": "f1faddcb-0861-44fe-ada4-764bed9f4d60",
    "data": [
      {
        "text": "explain imputed value",
        "userDefined": false
      }
    ],
    "isTemplate": false,
    "count": 0,
    "updated": 0
  },
  {
    "id": "87c4eecb-4c5a-4429-829b-84ffb60d3844",
    "data": [
      {
        "text": "can you tell me what is imputed value",
        "userDefined": false
      }
    ],
    "isTemplate": false,
    "count": 0,
    "updated": 0
  }
]