[
  {
    "id": "c5e9d9d3-176c-4e6b-a78c-7e8e63368175",
    "data": [
      {
        "text": "what is instance or instance document",
        "userDefined": false
      }
    ],
    "isTemplate": false,
    "count": 0,
    "updated": 0
  },
  {
    "id": "a6bf5256-7f21-4823-bbff-36f37c800a12",
    "data": [
      {
        "text": "instance or instance document",
        "userDefined": false
      }
    ],
    "isTemplate": false,
    "count": 0,
    "updated": 0
  },
  {
    "id": "651a3698-11fa-4a81-9d08-f5cf0a4d2911",
    "data": [
      {
        "text": "explain instance or instance document",
        "userDefined": false
      }
    ],
    "isTemplate": false,
    "count": 0,
    "updated": 0
  },
  {
    "id": "b4d9d830-3efd-4937-8e86-540894cdb8dc",
    "data": [
      {
        "text": "can you tell me what is instance or instance document",
        "userDefined": false
      }
    ],
    "isTemplate": false,
    "count": 0,
    "updated": 0
  }
]