[
  {
    "id": "58cc2b01-2258-4354-bf6f-7d955eaeb215",
    "data": [
      {
        "text": "what is item",
        "userDefined": false
      }
    ],
    "isTemplate": false,
    "count": 0,
    "updated": 0
  },
  {
    "id": "b9f16f19-3b13-4deb-a04a-447c174607c7",
    "data": [
      {
        "text": "item",
        "userDefined": false
      }
    ],
    "isTemplate": false,
    "count": 0,
    "updated": 0
  },
  {
    "id": "a037ed4e-97cc-4a60-a13a-740f3e266ebf",
    "data": [
      {
        "text": "explain item",
        "userDefined": false
      }
    ],
    "isTemplate": false,
    "count": 0,
    "updated": 0
  },
  {
    "id": "9fcce491-8935-4998-a7eb-69e526f28f2b",
    "data": [
      {
        "text": "can you tell me what is item",
        "userDefined": false
      }
    ],
    "isTemplate": false,
    "count": 0,
    "updated": 0
  }
]