[
  {
    "id": "5cf9c9cd-dcd3-405c-a222-ef3ab655abf6",
    "data": [
      {
        "text": "what is label",
        "userDefined": false
      }
    ],
    "isTemplate": false,
    "count": 0,
    "updated": 0
  },
  {
    "id": "efbcb794-2fd9-42a9-ba04-8e3a289d0cf2",
    "data": [
      {
        "text": "label",
        "userDefined": false
      }
    ],
    "isTemplate": false,
    "count": 0,
    "updated": 0
  },
  {
    "id": "496ff903-25bb-4e19-acbb-7b9597bd016a",
    "data": [
      {
        "text": "explain label",
        "userDefined": false
      }
    ],
    "isTemplate": false,
    "count": 0,
    "updated": 0
  },
  {
    "id": "9612030b-abcd-4022-91d8-f4d2336e3d1e",
    "data": [
      {
        "text": "can you tell me what is label",
        "userDefined": false
      }
    ],
    "isTemplate": false,
    "count": 0,
    "updated": 0
  }
]