[
  {
    "id": "36285967-3160-494c-98a2-1632ca1d69d9",
    "data": [
      {
        "text": "what is label type",
        "userDefined": false
      }
    ],
    "isTemplate": false,
    "count": 0,
    "updated": 0
  },
  {
    "id": "ca16f696-3e2d-4e4d-a05b-3f735f3a4a27",
    "data": [
      {
        "text": "label type",
        "userDefined": false
      }
    ],
    "isTemplate": false,
    "count": 0,
    "updated": 0
  },
  {
    "id": "b39f6fb3-fb0f-4f72-a112-ab4a45c65ba3",
    "data": [
      {
        "text": "explain label type",
        "userDefined": false
      }
    ],
    "isTemplate": false,
    "count": 0,
    "updated": 0
  },
  {
    "id": "f454fb36-d529-446b-a60a-9a3b41f6ef50",
    "data": [
      {
        "text": "can you tell me what is label type",
        "userDefined": false
      }
    ],
    "isTemplate": false,
    "count": 0,
    "updated": 0
  }
]