[
  {
    "id": "fe297831-2943-43ad-b454-f4657306b0b3",
    "data": [
      {
        "text": "what is line item",
        "userDefined": false
      }
    ],
    "isTemplate": false,
    "count": 0,
    "updated": 0
  },
  {
    "id": "08156326-ba19-4ba1-8eb1-67aafe9dd8f7",
    "data": [
      {
        "text": "line item",
        "userDefined": false
      }
    ],
    "isTemplate": false,
    "count": 0,
    "updated": 0
  },
  {
    "id": "03f55902-19c9-4c8e-a830-031fa8168973",
    "data": [
      {
        "text": "explain line item",
        "userDefined": false
      }
    ],
    "isTemplate": false,
    "count": 0,
    "updated": 0
  },
  {
    "id": "64c33fb9-439b-4e77-b1d0-893eb7c241fe",
    "data": [
      {
        "text": "can you tell me what is line item",
        "userDefined": false
      }
    ],
    "isTemplate": false,
    "count": 0,
    "updated": 0
  }
]