[
  {
    "id": "d1a3078d-831c-40d2-97d1-7798764e0b49",
    "data": [
      {
        "text": "what is linkbase",
        "userDefined": false
      }
    ],
    "isTemplate": false,
    "count": 0,
    "updated": 0
  },
  {
    "id": "c243f3bd-2e3b-41e3-bbd9-e6ecae10bdfa",
    "data": [
      {
        "text": "linkbase",
        "userDefined": false
      }
    ],
    "isTemplate": false,
    "count": 0,
    "updated": 0
  },
  {
    "id": "f1e5323f-fa43-4805-84f3-02e87027d924",
    "data": [
      {
        "text": "explain linkbase",
        "userDefined": false
      }
    ],
    "isTemplate": false,
    "count": 0,
    "updated": 0
  },
  {
    "id": "0a3ce535-55c7-4e78-8d40-dbd820f6d266",
    "data": [
      {
        "text": "can you tell me what is linkbase",
        "userDefined": false
      }
    ],
    "isTemplate": false,
    "count": 0,
    "updated": 0
  }
]