[
  {
    "id": "ef365841-8fa2-4410-9234-f9dcaa336ddb",
    "data": [
      {
        "text": "what is mapping",
        "userDefined": false
      }
    ],
    "isTemplate": false,
    "count": 0,
    "updated": 0
  },
  {
    "id": "103b97be-42c9-483a-9ab9-fab1973625b0",
    "data": [
      {
        "text": "mapping",
        "userDefined": false
      }
    ],
    "isTemplate": false,
    "count": 0,
    "updated": 0
  },
  {
    "id": "044edd2a-7c38-4371-bdb6-1a8b65bfa624",
    "data": [
      {
        "text": "explain mapping",
        "userDefined": false
      }
    ],
    "isTemplate": false,
    "count": 0,
    "updated": 0
  },
  {
    "id": "3f99a8d1-38bc-414e-a618-28ab68853682",
    "data": [
      {
        "text": "can you tell me what is mapping",
        "userDefined": false
      }
    ],
    "isTemplate": false,
    "count": 0,
    "updated": 0
  }
]