[
  {
    "id": "479249c9-0eec-4c3f-b6fc-6b4c00f079fc",
    "data": [
      {
        "text": "what is name",
        "userDefined": false
      }
    ],
    "isTemplate": false,
    "count": 0,
    "updated": 0
  },
  {
    "id": "6c74b1e0-6526-4a7d-ac35-bddc5d32f32e",
    "data": [
      {
        "text": "name",
        "userDefined": false
      }
    ],
    "isTemplate": false,
    "count": 0,
    "updated": 0
  },
  {
    "id": "b4c0546c-1a88-4567-9a8d-48d1eef4f4e3",
    "data": [
      {
        "text": "explain name",
        "userDefined": false
      }
    ],
    "isTemplate": false,
    "count": 0,
    "updated": 0
  },
  {
    "id": "a627daee-3a48-44c9-a250-fe776e6e7aba",
    "data": [
      {
        "text": "can you tell me what is name",
        "userDefined": false
      }
    ],
    "isTemplate": false,
    "count": 0,
    "updated": 0
  }
]