[
  {
    "id": "3b1feb5f-50ae-4e14-a071-b07642e303ce",
    "data": [
      {
        "text": "what is namespace",
        "userDefined": false
      }
    ],
    "isTemplate": false,
    "count": 0,
    "updated": 0
  },
  {
    "id": "d42c6566-b6dc-4a71-9bbf-09175023e090",
    "data": [
      {
        "text": "namespace",
        "userDefined": false
      }
    ],
    "isTemplate": false,
    "count": 0,
    "updated": 0
  },
  {
    "id": "ed18419d-8061-40a8-a292-c47adbefa835",
    "data": [
      {
        "text": "explain namespace",
        "userDefined": false
      }
    ],
    "isTemplate": false,
    "count": 0,
    "updated": 0
  },
  {
    "id": "06f456a9-a1ca-453d-9c76-9ffdb5f723a8",
    "data": [
      {
        "text": "can you tell me what is namespace",
        "userDefined": false
      }
    ],
    "isTemplate": false,
    "count": 0,
    "updated": 0
  }
]