[
  {
    "id": "dd57dae7-832f-4fb8-89ac-d9af2a76ee8f",
    "data": [
      {
        "text": "what is nillable",
        "userDefined": false
      }
    ],
    "isTemplate": false,
    "count": 0,
    "updated": 0
  },
  {
    "id": "e4d6606c-1949-482e-a725-40a8cd12a73f",
    "data": [
      {
        "text": "nillable",
        "userDefined": false
      }
    ],
    "isTemplate": false,
    "count": 0,
    "updated": 0
  },
  {
    "id": "4f9ff208-d939-434f-ad46-7070061cf5d2",
    "data": [
      {
        "text": "explain nillable",
        "userDefined": false
      }
    ],
    "isTemplate": false,
    "count": 0,
    "updated": 0
  },
  {
    "id": "3974bf5d-1a04-4dec-b36d-0e8af1ffe6fe",
    "data": [
      {
        "text": "can you tell me what is nillable",
        "userDefined": false
      }
    ],
    "isTemplate": false,
    "count": 0,
    "updated": 0
  }
]