[
  {
    "id": "2b25a417-3b65-4f1a-be43-6c11ac39df7f",
    "data": [
      {
        "text": "what is parent-child hierarchy",
        "userDefined": false
      }
    ],
    "isTemplate": false,
    "count": 0,
    "updated": 0
  },
  {
    "id": "4cfbebc0-75cb-44de-a9d5-f3bc254f8d83",
    "data": [
      {
        "text": "parent-child hierarchy",
        "userDefined": false
      }
    ],
    "isTemplate": false,
    "count": 0,
    "updated": 0
  },
  {
    "id": "c08ccf71-b3a1-4765-8cb1-7f1c04df5fd1",
    "data": [
      {
        "text": "explain parent-child hierarchy",
        "userDefined": false
      }
    ],
    "isTemplate": false,
    "count": 0,
    "updated": 0
  },
  {
    "id": "4dc0e745-6efc-4c3b-b672-d518744c2942",
    "data": [
      {
        "text": "can you tell me what is parent-child hierarchy",
        "userDefined": false
      }
    ],
    "isTemplate": false,
    "count": 0,
    "updated": 0
  }
]