[
  {
    "id": "da485305-ccb7-4db4-9a7f-2838a7731354",
    "data": [
      {
        "text": "what is period type",
        "userDefined": false
      }
    ],
    "isTemplate": false,
    "count": 0,
    "updated": 0
  },
  {
    "id": "fa86d2b9-de66-48a4-8695-dbe4f36dbb87",
    "data": [
      {
        "text": "period type",
        "userDefined": false
      }
    ],
    "isTemplate": false,
    "count": 0,
    "updated": 0
  },
  {
    "id": "5ab94f96-8642-4114-819c-89d20c0708a9",
    "data": [
      {
        "text": "explain period type",
        "userDefined": false
      }
    ],
    "isTemplate": false,
    "count": 0,
    "updated": 0
  },
  {
    "id": "0193b9c9-1f5e-44d3-9d76-76872013bcce",
    "data": [
      {
        "text": "can you tell me what is period type",
        "userDefined": false
      }
    ],
    "isTemplate": false,
    "count": 0,
    "updated": 0
  }
]