[
  {
    "id": "e5f64b5f-e4e9-4b27-b7ac-7e3c0f2eadd4",
    "data": [
      {
        "text": "what is prefix or namespace prefix",
        "userDefined": false
      }
    ],
    "isTemplate": false,
    "count": 0,
    "updated": 0
  },
  {
    "id": "4579b213-0d5c-442b-93ca-0329cf52bcd2",
    "data": [
      {
        "text": "prefix or namespace prefix",
        "userDefined": false
      }
    ],
    "isTemplate": false,
    "count": 0,
    "updated": 0
  },
  {
    "id": "f149a5d4-8e56-4a73-957a-0c6f3f05eaea",
    "data": [
      {
        "text": "explain prefix or namespace prefix",
        "userDefined": false
      }
    ],
    "isTemplate": false,
    "count": 0,
    "updated": 0
  },
  {
    "id": "fd5dc72d-7c78-464c-ae6c-a45e759d21c4",
    "data": [
      {
        "text": "can you tell me what is prefix or namespace prefix",
        "userDefined": false
      }
    ],
    "isTemplate": false,
    "count": 0,
    "updated": 0
  }
]