[
  {
    "id": "6ecfdea3-7387-4360-88cd-8b561277147c",
    "data": [
      {
        "text": "what is presentation relationships",
        "userDefined": false
      }
    ],
    "isTemplate": false,
    "count": 0,
    "updated": 0
  },
  {
    "id": "0fa3918c-023c-4c78-8f66-011bf756cbf6",
    "data": [
      {
        "text": "presentation relationships",
        "userDefined": false
      }
    ],
    "isTemplate": false,
    "count": 0,
    "updated": 0
  },
  {
    "id": "20f19aea-fad4-4742-8349-d582c3bf84bc",
    "data": [
      {
        "text": "explain presentation relationships",
        "userDefined": false
      }
    ],
    "isTemplate": false,
    "count": 0,
    "updated": 0
  },
  {
    "id": "e8d6f9a0-8184-4a68-b691-5dfbd62ec469",
    "data": [
      {
        "text": "can you tell me what is presentation relationships",
        "userDefined": false
      }
    ],
    "isTemplate": false,
    "count": 0,
    "updated": 0
  }
]