[
  {
    "id": "b29347a0-993d-4faa-bfd9-e69695db5135",
    "data": [
      {
        "text": "what is render or rendering",
        "userDefined": false
      }
    ],
    "isTemplate": false,
    "count": 0,
    "updated": 0
  },
  {
    "id": "1193e00f-751f-44f0-9283-4f0ef6da1fb7",
    "data": [
      {
        "text": "render or rendering",
        "userDefined": false
      }
    ],
    "isTemplate": false,
    "count": 0,
    "updated": 0
  },
  {
    "id": "ba0349c5-a4a3-48dc-a30c-0003a2d2ea8f",
    "data": [
      {
        "text": "explain render or rendering",
        "userDefined": false
      }
    ],
    "isTemplate": false,
    "count": 0,
    "updated": 0
  },
  {
    "id": "effae5d4-9984-4be4-8c20-b5bf640e5521",
    "data": [
      {
        "text": "can you tell me what is render or rendering",
        "userDefined": false
      }
    ],
    "isTemplate": false,
    "count": 0,
    "updated": 0
  }
]