[
  {
    "id": "6a5b4dc1-3042-4d85-8d48-563890aca4f6",
    "data": [
      {
        "text": "what is scaling",
        "userDefined": false
      }
    ],
    "isTemplate": false,
    "count": 0,
    "updated": 0
  },
  {
    "id": "2bc0bf5d-a968-4e39-b83e-169f01f3e521",
    "data": [
      {
        "text": "scaling",
        "userDefined": false
      }
    ],
    "isTemplate": false,
    "count": 0,
    "updated": 0
  },
  {
    "id": "f5fa7ee5-4b4f-4b16-a90a-39dc008c4640",
    "data": [
      {
        "text": "explain scaling",
        "userDefined": false
      }
    ],
    "isTemplate": false,
    "count": 0,
    "updated": 0
  },
  {
    "id": "7156e363-de2b-4529-81ac-a796002e5175",
    "data": [
      {
        "text": "can you tell me what is scaling",
        "userDefined": false
      }
    ],
    "isTemplate": false,
    "count": 0,
    "updated": 0
  }
]