[
  {
    "id": "79a970a8-a31f-4be0-956b-08c1efd7c1de",
    "data": [
      {
        "text": "what is scenario",
        "userDefined": false
      }
    ],
    "isTemplate": false,
    "count": 0,
    "updated": 0
  },
  {
    "id": "29938a7b-7b83-48a8-91d3-e94f3db6e468",
    "data": [
      {
        "text": "scenario",
        "userDefined": false
      }
    ],
    "isTemplate": false,
    "count": 0,
    "updated": 0
  },
  {
    "id": "a30c023f-07ed-48c3-b9c1-22b2857d6243",
    "data": [
      {
        "text": "explain scenario",
        "userDefined": false
      }
    ],
    "isTemplate": false,
    "count": 0,
    "updated": 0
  },
  {
    "id": "0fa82f7a-746d-4645-8f4d-f4bed934da34",
    "data": [
      {
        "text": "can you tell me what is scenario",
        "userDefined": false
      }
    ],
    "isTemplate": false,
    "count": 0,
    "updated": 0
  }
]