[
  {
    "id": "cc81b8a7-e3c4-49d6-b4e7-848cf1e0e797",
    "data": [
      {
        "text": "what is schema",
        "userDefined": false
      }
    ],
    "isTemplate": false,
    "count": 0,
    "updated": 0
  },
  {
    "id": "b08d0ccd-3316-4fa6-88a7-e4d87f305af8",
    "data": [
      {
        "text": "schema",
        "userDefined": false
      }
    ],
    "isTemplate": false,
    "count": 0,
    "updated": 0
  },
  {
    "id": "2701433a-27c4-4b04-85ca-d99546e1c586",
    "data": [
      {
        "text": "explain schema",
        "userDefined": false
      }
    ],
    "isTemplate": false,
    "count": 0,
    "updated": 0
  },
  {
    "id": "4fa5821f-e037-4edb-aaf2-877bfc4b6fa8",
    "data": [
      {
        "text": "can you tell me what is schema",
        "userDefined": false
      }
    ],
    "isTemplate": false,
    "count": 0,
    "updated": 0
  }
]