[
  {
    "id": "46fd8889-aa2d-4c0f-99c2-1694cce8626a",
    "data": [
      {
        "text": "what is segment",
        "userDefined": false
      }
    ],
    "isTemplate": false,
    "count": 0,
    "updated": 0
  },
  {
    "id": "bef78134-bfef-46c7-9e0e-e70a9b664a29",
    "data": [
      {
        "text": "segment",
        "userDefined": false
      }
    ],
    "isTemplate": false,
    "count": 0,
    "updated": 0
  },
  {
    "id": "b36e2f0e-dda5-4815-8b36-651c215f61b8",
    "data": [
      {
        "text": "explain segment",
        "userDefined": false
      }
    ],
    "isTemplate": false,
    "count": 0,
    "updated": 0
  },
  {
    "id": "467fb79d-b35d-4b71-bbd6-5e7f8896af1e",
    "data": [
      {
        "text": "can you tell me what is segment",
        "userDefined": false
      }
    ],
    "isTemplate": false,
    "count": 0,
    "updated": 0
  }
]