[
  {
    "id": "4cdad560-dc37-4874-b04f-b5ff818e2a4b",
    "data": [
      {
        "text": "what is sign value",
        "userDefined": false
      }
    ],
    "isTemplate": false,
    "count": 0,
    "updated": 0
  },
  {
    "id": "51e51e59-b3cd-43f9-8a5c-d0370ad7789e",
    "data": [
      {
        "text": "sign value",
        "userDefined": false
      }
    ],
    "isTemplate": false,
    "count": 0,
    "updated": 0
  },
  {
    "id": "da95f830-e162-4bbb-9334-fae3cf1b56be",
    "data": [
      {
        "text": "explain sign value",
        "userDefined": false
      }
    ],
    "isTemplate": false,
    "count": 0,
    "updated": 0
  },
  {
    "id": "dece3b04-e3c5-4cc6-ba31-bee6d9625bc1",
    "data": [
      {
        "text": "can you tell me what is sign value",
        "userDefined": false
      }
    ],
    "isTemplate": false,
    "count": 0,
    "updated": 0
  }
]