[
  {
    "id": "e06dd8e2-8a8b-4278-b731-3d7bd3fd0c13",
    "data": [
      {
        "text": "what is standard label",
        "userDefined": false
      }
    ],
    "isTemplate": false,
    "count": 0,
    "updated": 0
  },
  {
    "id": "312f0324-42fb-466d-b49a-98302e483b9d",
    "data": [
      {
        "text": "standard label",
        "userDefined": false
      }
    ],
    "isTemplate": false,
    "count": 0,
    "updated": 0
  },
  {
    "id": "57ebefb6-ca75-48c9-8f3a-a39a92ca86d3",
    "data": [
      {
        "text": "explain standard label",
        "userDefined": false
      }
    ],
    "isTemplate": false,
    "count": 0,
    "updated": 0
  },
  {
    "id": "d7765a69-8a8f-422e-b995-d0266fa5b7b4",
    "data": [
      {
        "text": "can you tell me what is standard label",
        "userDefined": false
      }
    ],
    "isTemplate": false,
    "count": 0,
    "updated": 0
  }
]