[
  {
    "id": "a7d58aeb-5892-4a3f-829e-ccfc2ec13c37",
    "data": [
      {
        "text": "what is table",
        "userDefined": false
      }
    ],
    "isTemplate": false,
    "count": 0,
    "updated": 0
  },
  {
    "id": "00059257-b88a-44fd-9eb7-cb0412ff5953",
    "data": [
      {
        "text": "table",
        "userDefined": false
      }
    ],
    "isTemplate": false,
    "count": 0,
    "updated": 0
  },
  {
    "id": "8521dbab-03c5-4474-abdc-62742bea3bfd",
    "data": [
      {
        "text": "explain table",
        "userDefined": false
      }
    ],
    "isTemplate": false,
    "count": 0,
    "updated": 0
  },
  {
    "id": "a26fe576-9deb-488e-808f-f4100c16cdde",
    "data": [
      {
        "text": "can you tell me what is table",
        "userDefined": false
      }
    ],
    "isTemplate": false,
    "count": 0,
    "updated": 0
  }
]