[
  {
    "id": "4a861a56-767b-4552-be75-c114ac1e5a8b",
    "data": [
      {
        "text": "can you tell me what is a tag",
        "userDefined": false
      }
    ],
    "isTemplate": false,
    "count": 0,
    "updated": 1544355610
  },
  {
    "id": "b3ef6a70-842c-40c5-8a70-5250ed0711d6",
    "data": [
      {
        "text": "explain tag",
        "userDefined": false
      }
    ],
    "isTemplate": false,
    "count": 0,
    "updated": 1544355610
  },
  {
    "id": "3aaead46-1418-4db3-b04d-63f2819a81b4",
    "data": [
      {
        "text": "tag",
        "userDefined": false
      }
    ],
    "isTemplate": false,
    "count": 0,
    "updated": 1544355610
  },
  {
    "id": "f7ac62ac-a807-4cd6-827a-581aab43b405",
    "data": [
      {
        "text": "what is a tag",
        "userDefined": false
      }
    ],
    "isTemplate": false,
    "count": 0,
    "updated": 1544355610
  }
]