[
  {
    "id": "0f878b88-1e34-4b14-86ca-5c13b71e7f3a",
    "data": [
      {
        "text": "what is tag (noun)",
        "userDefined": false
      }
    ],
    "isTemplate": false,
    "count": 0,
    "updated": 0
  },
  {
    "id": "8a611069-1eff-4d63-b6fa-1a44d5e17084",
    "data": [
      {
        "text": "tag (noun)",
        "userDefined": false
      }
    ],
    "isTemplate": false,
    "count": 0,
    "updated": 0
  },
  {
    "id": "3e46bc89-87d3-4c10-b2ac-48b87d1aa57b",
    "data": [
      {
        "text": "explain tag (noun)",
        "userDefined": false
      }
    ],
    "isTemplate": false,
    "count": 0,
    "updated": 0
  },
  {
    "id": "14dad64b-6326-4d66-8064-fa4ce270c96d",
    "data": [
      {
        "text": "can you tell me what is tag (noun)",
        "userDefined": false
      }
    ],
    "isTemplate": false,
    "count": 0,
    "updated": 0
  }
]