[
  {
    "id": "5ae3a8e1-9e30-4e01-97a8-64e95144bec7",
    "data": [
      {
        "text": "what is tag (verb)",
        "userDefined": false
      }
    ],
    "isTemplate": false,
    "count": 0,
    "updated": 0
  },
  {
    "id": "c649d7e2-19b0-4fe4-8da0-6ffa60c2a9cf",
    "data": [
      {
        "text": "tag (verb)",
        "userDefined": false
      }
    ],
    "isTemplate": false,
    "count": 0,
    "updated": 0
  },
  {
    "id": "1f3059e1-83b7-4cb0-8dae-c81d5c8b8303",
    "data": [
      {
        "text": "explain tag (verb)",
        "userDefined": false
      }
    ],
    "isTemplate": false,
    "count": 0,
    "updated": 0
  },
  {
    "id": "b77e51cd-86d6-4192-9b21-9af4579cfe85",
    "data": [
      {
        "text": "can you tell me what is tag (verb)",
        "userDefined": false
      }
    ],
    "isTemplate": false,
    "count": 0,
    "updated": 0
  }
]