[
  {
    "id": "b526a9b7-69e7-46fc-9011-d96d22dc2c7e",
    "data": [
      {
        "text": "what is taxonomy, taxonomies",
        "userDefined": false
      }
    ],
    "isTemplate": false,
    "count": 0,
    "updated": 0
  },
  {
    "id": "6f146f36-2d3a-4d9e-97eb-81efb11b6008",
    "data": [
      {
        "text": "taxonomy, taxonomies",
        "userDefined": false
      }
    ],
    "isTemplate": false,
    "count": 0,
    "updated": 0
  },
  {
    "id": "4d3f57a3-8e13-4d81-ae2a-f70b2ff2d510",
    "data": [
      {
        "text": "explain taxonomy, taxonomies",
        "userDefined": false
      }
    ],
    "isTemplate": false,
    "count": 0,
    "updated": 0
  },
  {
    "id": "0c1ea9f5-6882-439d-a41d-77432fe8cc4e",
    "data": [
      {
        "text": "can you tell me what is taxonomy, taxonomies",
        "userDefined": false
      }
    ],
    "isTemplate": false,
    "count": 0,
    "updated": 0
  }
]