[
  {
    "id": "0f1a5ab4-5417-49d3-8874-dcebae494dde",
    "data": [
      {
        "text": "what is type or data type",
        "userDefined": false
      }
    ],
    "isTemplate": false,
    "count": 0,
    "updated": 0
  },
  {
    "id": "656a30b6-efe8-40a2-b0c1-d45ec4e67f80",
    "data": [
      {
        "text": "type or data type",
        "userDefined": false
      }
    ],
    "isTemplate": false,
    "count": 0,
    "updated": 0
  },
  {
    "id": "fb6d192a-d78e-4824-b355-9f742c47f1a5",
    "data": [
      {
        "text": "explain type or data type",
        "userDefined": false
      }
    ],
    "isTemplate": false,
    "count": 0,
    "updated": 0
  },
  {
    "id": "c9c1811e-9369-415a-935a-e63eac8bd628",
    "data": [
      {
        "text": "can you tell me what is type or data type",
        "userDefined": false
      }
    ],
    "isTemplate": false,
    "count": 0,
    "updated": 0
  }
]