[
  {
    "id": "4e70994e-22d8-499e-9ef0-1530022ebcbf",
    "data": [
      {
        "text": "what is unit of measure",
        "userDefined": false
      }
    ],
    "isTemplate": false,
    "count": 0,
    "updated": 0
  },
  {
    "id": "5704b52c-043e-4cc2-9a6d-968955445b26",
    "data": [
      {
        "text": "unit of measure",
        "userDefined": false
      }
    ],
    "isTemplate": false,
    "count": 0,
    "updated": 0
  },
  {
    "id": "b0ceef51-9727-4e1e-870b-d0be560458d6",
    "data": [
      {
        "text": "explain unit of measure",
        "userDefined": false
      }
    ],
    "isTemplate": false,
    "count": 0,
    "updated": 0
  },
  {
    "id": "327af870-346d-4e0b-9a3f-05d2d142792d",
    "data": [
      {
        "text": "can you tell me what is unit of measure",
        "userDefined": false
      }
    ],
    "isTemplate": false,
    "count": 0,
    "updated": 0
  }
]