[
  {
    "id": "9828dcd8-6d29-49be-bcfd-c6dc7d18e784",
    "data": [
      {
        "text": "what is weight",
        "userDefined": false
      }
    ],
    "isTemplate": false,
    "count": 0,
    "updated": 0
  },
  {
    "id": "bbe2ad13-88a4-4802-a8b7-4f346c60e3b8",
    "data": [
      {
        "text": "weight",
        "userDefined": false
      }
    ],
    "isTemplate": false,
    "count": 0,
    "updated": 0
  },
  {
    "id": "aa220956-5b69-4fef-95c3-6697263e5cb0",
    "data": [
      {
        "text": "explain weight",
        "userDefined": false
      }
    ],
    "isTemplate": false,
    "count": 0,
    "updated": 0
  },
  {
    "id": "d17e143b-4db3-4398-bfdf-08bf1ebec38a",
    "data": [
      {
        "text": "can you tell me what is weight",
        "userDefined": false
      }
    ],
    "isTemplate": false,
    "count": 0,
    "updated": 0
  }
]